{
	 "rootnode": {
		 "name": "<BlenderRoot>"
		,"transformation": [
			 1
			,0
			,0
			,0
			,0
			,1
			,0
			,0
			,0
			,0
			,1
			,0
			,0
			,0
			,0
			,1
		]
		,"children": [
			{
				 "name": "Cube"
				,"transformation": [
					 1
					,0
					,0
					,0
					,0
					,1
					,0
					,0
					,0
					,0
					,1
					,0
					,0
					,0
					,0
					,1
				]
				,"meshes": [
					 0
				]
			}
		]
	}
	,"flags": 8
	,"meshes": [
		{
			 "name": "Cube"
			,"materialindex": 0
			,"primitivetypes": 4
			,"vertices": [
				 -1
				,-1
				,-1
				,-1
				,-1
				,1
				,-1
				,1
				,1
				,-1
				,1
				,-1
				,-1
				,1
				,-1
				,-1
				,1
				,1
				,1
				,1
				,1
				,1
				,1
				,-1
				,1
				,1
				,-1
				,1
				,1
				,1
				,1
				,-1
				,1
				,1
				,-1
				,-1
				,1
				,-1
				,-1
				,1
				,-1
				,1
				,-1
				,-1
				,1
				,-1
				,-1
				,-1
				,-1
				,1
				,-1
				,1
				,1
				,-1
				,1
				,-1
				,-1
				,-1
				,-1
				,-1
				,1
				,1
				,1
				,-1
				,1
				,1
				,-1
				,-1
				,1
				,1
				,-1
				,1
			]
			,"normals": [
				 -0.577349
				,-0.577349
				,-0.577349
				,-0.577349
				,-0.577349
				,0.577349
				,-0.577349
				,0.577349
				,0.577349
				,-0.577349
				,0.577349
				,-0.577349
				,-0.577349
				,0.577349
				,-0.577349
				,-0.577349
				,0.577349
				,0.577349
				,0.577349
				,0.577349
				,0.577349
				,0.577349
				,0.577349
				,-0.577349
				,0.577349
				,0.577349
				,-0.577349
				,0.577349
				,0.577349
				,0.577349
				,0.577349
				,-0.577349
				,0.577349
				,0.577349
				,-0.577349
				,-0.577349
				,0.577349
				,-0.577349
				,-0.577349
				,0.577349
				,-0.577349
				,0.577349
				,-0.577349
				,-0.577349
				,0.577349
				,-0.577349
				,-0.577349
				,-0.577349
				,-0.577349
				,0.577349
				,-0.577349
				,0.577349
				,0.577349
				,-0.577349
				,0.577349
				,-0.577349
				,-0.577349
				,-0.577349
				,-0.577349
				,-0.577349
				,0.577349
				,0.577349
				,0.577349
				,-0.577349
				,0.577349
				,0.577349
				,-0.577349
				,-0.577349
				,0.577349
				,0.577349
				,-0.577349
				,0.577349
			]
			,"tangents": [
				 -0.408247
				,-0.408247
				,0.816498
				,0.408247
				,0.408247
				,0.816498
				,0.408247
				,-0.408247
				,0.816498
				,-0.408247
				,0.408247
				,0.816498
				,-0.408247
				,0.408247
				,0.816498
				,0.408247
				,-0.408247
				,0.816498
				,-0.408247
				,-0.408247
				,0.816498
				,0.408247
				,0.408247
				,0.816498
				,0.408247
				,0.408247
				,0.816498
				,-0.408247
				,-0.408247
				,0.816498
				,-0.408247
				,0.408247
				,0.816498
				,0.408247
				,-0.408247
				,0.816498
				,0.408247
				,-0.408247
				,0.816498
				,-0.408247
				,0.408247
				,0.816498
				,0.408247
				,0.408247
				,0.816498
				,-0.408247
				,-0.408247
				,0.816498
				,0.816498
				,0.408247
				,-0.408247
				,0.816498
				,-0.408247
				,0.408247
				,0.816498
				,0.408247
				,0.408247
				,0.816498
				,-0.408247
				,-0.408247
				,-0.816498
				,0.408247
				,0.408247
				,-0.816498
				,-0.408247
				,-0.408247
				,-0.816498
				,0.408247
				,-0.408247
				,-0.816498
				,-0.408247
				,0.408247
			]
			,"bitangents": [
				 0.408247
				,-0.816498
				,0.408247
				,0.408247
				,-0.816498
				,-0.408247
				,-0.408247
				,-0.816498
				,0.408247
				,-0.408247
				,-0.816498
				,-0.408247
				,-0.816498
				,-0.408247
				,0.408247
				,-0.816498
				,-0.408247
				,-0.408247
				,-0.816498
				,0.408247
				,0.408247
				,-0.816498
				,0.408247
				,-0.408247
				,-0.408247
				,0.816498
				,0.408247
				,-0.408247
				,0.816498
				,-0.408247
				,0.408247
				,0.816498
				,0.408247
				,0.408247
				,0.816498
				,-0.408247
				,0.816498
				,0.408247
				,0.408247
				,0.816498
				,0.408247
				,-0.408247
				,0.816498
				,-0.408247
				,0.408247
				,0.816498
				,-0.408247
				,-0.408247
				,0.408247
				,0.816498
				,0.408247
				,-0.408247
				,0.816498
				,0.408247
				,0.408247
				,0.816498
				,-0.408247
				,-0.408247
				,0.816498
				,-0.408247
				,-0.408247
				,0.816498
				,-0.408247
				,0.408247
				,0.816498
				,-0.408247
				,-0.408247
				,0.816498
				,0.408247
				,0.408247
				,0.816498
				,0.408247
			]
			,"numuvcomponents": [
				 2
			]
			,"texturecoords": [
				[
					 0
					,0
					,1
					,0
					,1
					,1
					,0
					,1
					,0
					,0
					,1
					,0
					,1
					,1
					,0
					,1
					,0
					,0
					,1
					,0
					,1
					,1
					,0
					,1
					,0
					,0
					,1
					,0
					,1
					,1
					,0
					,1
					,0
					,0
					,1
					,0
					,1
					,1
					,0
					,1
					,0
					,0
					,1
					,0
					,1
					,1
					,0
					,1
				]
			]
			,"faces": [
				[
					 0
					,1
					,2
				]
				,[
					 0
					,2
					,3
				]
				,[
					 4
					,5
					,6
				]
				,[
					 4
					,6
					,7
				]
				,[
					 8
					,9
					,10
				]
				,[
					 8
					,10
					,11
				]
				,[
					 12
					,13
					,14
				]
				,[
					 12
					,14
					,15
				]
				,[
					 16
					,17
					,18
				]
				,[
					 16
					,18
					,19
				]
				,[
					 20
					,21
					,22
				]
				,[
					 20
					,22
					,23
				]
			]
		}
	]
	,"materials": [
		{
			 "properties": [
				{
					 "key": "?mat.name"
					,"semantic": 0
					,"index": 0
					,"type": 3
					,"value": "DefaultMaterial"
				}
				,{
					 "key": "$clr.diffuse"
					,"semantic": 0
					,"index": 0
					,"type": 1
					,"value": [
						 0.6
						,0.6
						,0.6
					]
				}
				,{
					 "key": "$clr.specular"
					,"semantic": 0
					,"index": 0
					,"type": 1
					,"value": [
						 0.6
						,0.6
						,0.6
					]
				}
				,{
					 "key": "$clr.ambient"
					,"semantic": 0
					,"index": 0
					,"type": 1
					,"value": [
						 0
						,0
						,0
					]
				}
				,{
					 "key": "$clr.reflective"
					,"semantic": 0
					,"index": 0
					,"type": 1
					,"value": [
						 0
						,0
						,0
					]
				}
			]
		}
	]
}
